Workbook

Sheet Note1
B1: ວັນທີ | C1: code2 | E1: ນໍ້າດື່ມ | F1: ເນື້ອໃນ | G1: ຈ່າຍ | H1: ຈ່າຍ | I1: ຈ່າຍ | J1: ຈ່າຍ | K1: ຮັບ | L1: ຮັບ | M1: ຮັບ | N1: ຮັບ
A2: ງວດໄກ່ | B2: Date | C2: categories code | D2: Name Categories | E2: Sub categories | F2: Noted | G2: Kip | H2: Bath | I2: Us | J2: Yuan | K2: Kip | L2: Bath | M2: Us | N2: Yuan | O2: ໄລ່ເຂົ້າກໍາໄລແຕ່ລະງວດບໍ? | P2: Note
B3: 45316 | C3: 3 | D3: ຄ່າບໍລິຫານ | E3: ຕລາດ | F3: ຫວດ ຢາລ້າງຖ້ວຍ | G3: 397000 | O3: =IF(C3="","",IF(C3=5,IFERROR(INDEX(code_Note1!$F$13:$F$16,MATCH(E3,code_Note1!$E$13:$E$16,0)),INDEX(code_Note1!$F$16,1)),IF(B3<code_Note1!$D$21,"No",IFERROR(VLOOKUP(C3,code_Note1!$D$3:$G$8,3,FALSE),"")))) -> No | P3: ລາຍງ່າຍລະຫວ່າງໄລຍະເວລາໃນການເອົາໄກ່ເຂົ້າລະໄລ່ເຂົ້າໃນການບໍລິຫານຂາດທຶນກໍາໄລໄກ່ຊຸດນັ້ນໆ
B4: 45316 | C4: 2 | D4: ຄ່າກໍ່ສ້າງ ປັບປຸງສວນ | E4: ຊີມັງ ເລັກ | F4: ເຫັລກຊິມັງໄມ້ | G4: 8280000 | O4: =IF(C4="","",IF(C4=5,IFERROR(INDEX(code_Note1!$F$13:$F$16,MATCH(E4,code_Note1!$E$13:$E$16,0)),INDEX(code_Note1!$F$16,1)),IF(B4<code_Note1!$D$21,"No",IFERROR(VLOOKUP(C4,code_Note1!$D$3:$G$8,3,FALSE),"")))) -> No | P4: ເງິນກ້ອນເອົາມາລຶງທຶນ
B5: 45316 | C5: 3 | D5: ຄ່າບໍລິຫານ | E5: ຕລາດ | F5: ຕລາດ ຊີ້ນ | G5: 500000 | O5: =IF(C5="","",IF(C5=5,IFERROR(INDEX(code_Note1!$F$13:$F$16,MATCH(E5,code_Note1!$E$13:$E$16,0)),INDEX(code_Note1!$F$16,1)),IF(B5<code_Note1!$D$21,"No",IFERROR(VLOOKUP(C5,code_Note1!$D$3:$G$8,3,FALSE),"")))) -> No | P5: ລາຍງ່າຍລະຫວ່າງໄລຍະເວລາໃນການເອົາໄກ່ເຂົ້າລະໄລ່ເຂົ້າໃນການບໍລິຫານຂາດທຶນກໍາໄລໄກ່ຊຸດນັ້ນໆ
B6: 45316 | C6: 3 | D6: ຄ່າບໍລິຫານ | E6: ຕລາດ | F6: ອາຫານສວຍ | G6: 103000 | O6: =IF(C6="","",IF(C6=5,IFERROR(INDEX(code_Note1!$F$13:$F$16,MATCH(E6,code_Note1!$E$13:$E$16,0)),INDEX(code_Note1!$F$16,1)),IF(B6<code_Note1!$D$21,"No",IFERROR(VLOOKUP(C6,code_Note1!$D$3:$G$8,3,FALSE),"")))) -> No | P6: ລາຍງ່າຍລະຫວ່າງໄລຍະເວລາໃນການເອົາໄກ່ເຂົ້າລະໄລ່ເຂົ້າໃນການບໍລິຫານຂາດທຶນກໍາໄລໄກ່ຊຸດນັ້ນໆ
B7: 45316 | C7: 3 | D7: ຄ່າບໍລິຫານ | E7: ຕລາດ | F7: ຄົກ | G7: 100000 | O7: =IF(C7="","",IF(C7=5,IFERROR(INDEX(code_Note1!$F$13:$F$16,MATCH(E7,code_Note1!$E$13:$E$16,0)),INDEX(code_Note1!$F$16,1)),IF(B7<code_Note1!$D$21,"No",IFERROR(VLOOKUP(C7,code_Note1!$D$3:$G$8,3,FALSE),"")))) -> No | P7: ລາຍງ່າຍລະຫວ່າງໄລຍະເວລາໃນການເອົາໄກ່ເຂົ້າລະໄລ່ເຂົ້າໃນການບໍລິຫານຂາດທຶນກໍາໄລໄກ່ຊຸດນັ້ນໆ
B8: 45316 | C8: 2 | D8: ຄ່າກໍ່ສ້າງ ປັບປຸງສວນ | E8: ຖັງນໍ້າ | F8: ຖັງນໍ້າເຢັນ | G8: 1800000 | O8: =IF(C8="","",IF(C8=5,IFERROR(INDEX(code_Note1!$F$13:$F$16,MATCH(E8,code_Note1!$E$13:$E$16,0)),INDEX(code_Note1!$F$16,1)),IF(B8<code_Note1!$D$21,"No",IFERROR(VLOOKUP(C8,code_Note1!$D$3:$G$8,3,FALSE),"")))) -> No | P8: ເງິນກ້ອນເອົາມາລຶງທຶນ
B9: 45316 | C9: 2 | D9: ຄ່າກໍ່ສ້າງ ປັບປຸງສວນ | E9: ອຸປະກອນ ກໍ່ສ້າງ | F9: ລານລໍ້ | G9: 300000 | O9: =IF(C9="","",IF(C9=5,IFERROR(INDEX(code_Note1!$F$13:$F$16,MATCH(E9,code_Note1!$E$13:$E$16,0)),INDEX(code_Note1!$F$16,1)),IF(B9<code_Note1!$D$21,"No",IFERROR(VLOOKUP(C9,code_Note1!$D$3:$G$8,3,FALSE),"")))) -> No | P9: ເງິນກ້ອນເອົາມາລຶງທຶນ
B10: 45316 | C10: 2 | D10: ຄ່າກໍ່ສ້າງ ປັບປຸງສວນ | E10: ອຸປະກອນ ກໍ່ສ້າງ | F10: ລໍ້ | G10: 200000 | O10: =IF(C10="","",IF(C10=5,IFERROR(INDEX(code_Note1!$F$13:$F$16,MATCH(E10,code_Note1!$E$13:$E$16,0)),INDEX(code_Note1!$F$16,1)),IF(B10<code_Note1!$D$21,"No",IFERROR(VLOOKUP(C10,code_Note1!$D$3:$G$8,3,FALSE),"")))) -> No | P10: ເງິນກ້ອນເອົາມາລຶງທຶນ
B11: 45316 | C11: 2 | D11: ຄ່າກໍ່ສ້າງ ປັບປຸງສວນ | E11: ໄມ້ | F11: ໄມ້35 | G11: 2250000 | O11: =IF(C11="","",IF(C11=5,IFERROR(INDEX(code_Note1!$F$13:$F$16,MATCH(E11,code_Note1!$E$13:$E$16,0)),INDEX(code_Note1!$F$16,1)),IF(B11<code_Note1!$D$21,"No",IFERROR(VLOOKUP(C11,code_Note1!$D$3:$G$8,3,FALSE),"")))) -> No | P11: ເງິນກ້ອນເອົາມາລຶງທຶນ
B12: 45316 | C12: 2 | D12: ຄ່າກໍ່ສ້າງ ປັບປຸງສວນ | E12: ຫີນ ຊາຍ | F12: ຫີນ ຊາຍ | G12: 5300000 | O12: =IF(C12="","",IF(C12=5,IFERROR(INDEX(code_Note1!$F$13:$F$16,MATCH(E12,code_Note1!$E$13:$E$16,0)),INDEX(code_Note1!$F$16,1)),IF(B12<code_Note1!$D$21,"No",IFERROR(VLOOKUP(C12,code_Note1!$D$3:$G$8,3,FALSE),"")))) -> No | P12: ເງິນກ້ອນເອົາມາລຶງທຶນ
B13: 45316 | C13: 2 | D13: ຄ່າກໍ່ສ້າງ ປັບປຸງສວນ | E13: ອຸປະກອນ ກໍ່ສ້າງ | F13: ໂມ້ຫີນຊາຍ | G13: 7100000 | O13: =IF(C13="","",IF(C13=5,IFERROR(INDEX(code_Note1!$F$13:$F$16,MATCH(E13,code_Note1!$E$13:$E$16,0)),INDEX(code_Note1!$F$16,1)),IF(B13<code_Note1!$D$21,"No",IFERROR(VLOOKUP(C13,code_Note1!$D$3:$G$8,3,FALSE),"")))) -> No | P13: ເງິນກ້ອນເອົາມາລຶງທຶນ
B14: 45316 | C14: 2 | D14: ຄ່າກໍ່ສ້າງ ປັບປຸງສວນ | E14: ອຸປະກອນ ກໍ່ສ້າງ | F14: ກາແລກ | G14: 90000 | O14: =IF(C14="","",IF(C14=5,IFERROR(INDEX(code_Note1!$F$13:$F$16,MATCH(E14,code_Note1!$E$13:$E$16,0)),INDEX(code_Note1!$F$16,1)),IF(B14<code_Note1!$D$21,"No",IFERROR(VLOOKUP(C14,code_Note1!$D$3:$G$8,3,FALSE),"")))) -> No | P14: ເງິນກ້ອນເອົາມາລຶງທຶນ
B15: 45317 | C15: 3 | D15: ຄ່າບໍລິຫານ | E15: ຕລາດ | F15: ຖົ່ວດິນ ມັນເຜົາ | G15: 80000 | O15: =IF(C15="","",IF(C15=5,IFERROR(INDEX(code_Note1!$F$13:$F$16,MATCH(E15,code_Note1!$E$13:$E$16,0)),INDEX(code_Note1!$F$16,1)),IF(B15<code_Note1!$D$21,"No",IFERROR(VLOOKUP(C15,code_Note1!$D$3:$G$8,3,FALSE),"")))) -> No | P15: ລາຍງ່າຍລະຫວ່າງໄລຍະເວລາໃນການເອົາໄກ່ເຂົ້າລະໄລ່ເຂົ້າໃນການບໍລິຫານຂາດທຶນກໍາໄລໄກ່ຊຸດນັ້ນໆ
B16: 45317 | C16: 2 | D16: ຄ່າກໍ່ສ້າງ ປັບປຸງສວນ | E16: ພາຫະນະ | F16: ລົດສາມລໍ້ຂຽວ | G16: 0 | H16: 0 | I16: 784 | O16: =IF(C16="","",IF(C16=5,IFERROR(INDEX(code_Note1!$F$13:$F$16,MATCH(E16,code_Note1!$E$13:$E$16,0)),INDEX(code_Note1!$F$16,1)),IF(B16<code_Note1!$D$21,"No",IFERROR(VLOOKUP(C16,code_Note1!$D$3:$G$8,3,FALSE),"")))) -> No | P16: ເງິນກ້ອນເອົາມາລຶງທຶນ
B17: 45318 | C17: 2 | D17: ຄ່າກໍ່ສ້າງ ປັບປຸງສວນ | E17: ອຸປະກອນ ກໍ່ສ້າງ | F17: ເຊືອກ5ກໍ້ ປູນຂາວ ແລະແຮງງານ | G17: 200000 | O17: =IF(C17="","",IF(C17=5,IFERROR(INDEX(code_Note1!$F$13:$F$16,MATCH(E17,code_Note1!$E$13:$E$16,0)),INDEX(code_Note1!$F$16,1)),IF(B17<code_Note1!$D$21,"No",IFERROR(VLOOKUP(C17,code_Note1!$D$3:$G$8,3,FALSE),"")))) -> No | P17: ເງິນກ້ອນເອົາມາລຶງທຶນ
B18: 45319 | C18: 2 | D18: ຄ່າກໍ່ສ້າງ ປັບປຸງສວນ | E18: ອຸປະກອນ ກໍ່ສ້າງ | F18: ປູນຂາວ | G18: 225000 | O18: =IF(C18="","",IF(C18=5,IFERROR(INDEX(code_Note1!$F$13:$F$16,MATCH(E18,code_Note1!$E$13:$E$16,0)),INDEX(code_Note1!$F$16,1)),IF(B18<code_Note1!$D$21,"No",IFERROR(VLOOKUP(C18,code_Note1!$D$3:$G$8,3,FALSE),"")))) -> No | P18: ເງິນກ້ອນເອົາມາລຶງທຶນ
B19: 45320 | C19: 2 | D19: ຄ່າກໍ່ສ້າງ ປັບປຸງສວນ | E19: ໄມ້ | F19: ໄມ້ຕີພັງ | G19: 380000 | O19: =IF(C19="","",IF(C19=5,IFERROR(INDEX(code_Note1!$F$13:$F$16,MATCH(E19,code_Note1!$E$13:$E$16,0)),INDEX(code_Note1!$F$16,1)),IF(B19<code_Note1!$D$21,"No",IFERROR(VLOOKUP(C19,code_Note1!$D$3:$G$8,3,FALSE),"")))) -> No | P19: ເງິນກ້ອນເອົາມາລຶງທຶນ
B20: 45323 | C20: 2 | D20: ຄ່າກໍ່ສ້າງ ປັບປຸງສວນ | E20: ເລັກ | F20: ເລັກ | G20: 19360000 | O20: =IF(C20="","",IF(C20=5,IFERROR(INDEX(code_Note1!$F$13:$F$16,MATCH(E20,code_Note1!$E$13:$E$16,0)),INDEX(code_Note1!$F$16,1)),IF(B20<code_Note1!$D$21,"No",IFERROR(VLOOKUP(C20,code_Note1!$D$3:$G$8,3,FALSE),"")))) -> No | P20: ເງິນກ້ອນເອົາມາລຶງທຶນ
B21: 45323 | C21: 3 | D21: ຄ່າບໍລິຫານ | E21: ຕລາດ | F21: ເຂົ້າຈີ່ | G21: 72000 | O21: =IF(C21="","",IF(C21=5,IFERROR(INDEX(code_Note1!$F$13:$F$16,MATCH(E21,code_Note1!$E$13:$E$16,0)),INDEX(code_Note1!$F$16,1)),IF(B21<code_Note1!$D$21,"No",IFERROR(VLOOKUP(C21,code_Note1!$D$3:$G$8,3,FALSE),"")))) -> No | P21: ລາຍງ່າຍລະຫວ່າງໄລຍະເວລາໃນການເອົາໄກ່ເຂົ້າລະໄລ່ເຂົ້າໃນການບໍລິຫານຂາດທຶນກໍາໄລໄກ່ຊຸດນັ້ນໆ
B22: 45323 | C22: 3 | D22: ຄ່າບໍລິຫານ | E22: ຕລາດ | F22: ແປບຊີ | G22: 25000 | O22: =IF(C22="","",IF(C22=5,IFERROR(INDEX(code_Note1!$F$13:$F$16,MATCH(E22,code_Note1!$E$13:$E$16,0)),INDEX(code_Note1!$F$16,1)),IF(B22<code_Note1!$D$21,"No",IFERROR(VLOOKUP(C22,code_Note1!$D$3:$G$8,3,FALSE),"")))) -> No | P22: ລາຍງ່າຍລະຫວ່າງໄລຍະເວລາໃນການເອົາໄກ່ເຂົ້າລະໄລ່ເຂົ້າໃນການບໍລິຫານຂາດທຶນກໍາໄລໄກ່ຊຸດນັ້ນໆ
B23: 45323 | C23: 3 | D23: ຄ່າບໍລິຫານ | E23: ເຄື່ອງໃຊ້ ພງ | F23: ຫມວກ | G23: 140000 | O23: =IF(C23="","",IF(C23=5,IFERROR(INDEX(code_Note1!$F$13:$F$16,MATCH(E23,code_Note1!$E$13:$E$16,0)),INDEX(code_Note1!$F$16,1)),IF(B23<code_Note1!$D$21,"No",IFERROR(VLOOKUP(C23,code_Note1!$D$3:$G$8,3,FALSE),"")))) -> No | P23: ລາຍງ່າຍລະຫວ່າງໄລຍະເວລາໃນການເອົາໄກ່ເຂົ້າລະໄລ່ເຂົ້າໃນການບໍລິຫານຂາດທຶນກໍາໄລໄກ່ຊຸດນັ້ນໆ
B24: 45324 | C24: 2 | D24: ຄ່າກໍ່ສ້າງ ປັບປຸງສວນ | E24: ອຸປະກອນ ກໍ່ສ້າງ | F24: ທູບຈອດ ແລະອື່ນໆ | G24: 530000 | O24: =IF(C24="","",IF(C24=5,IFERROR(INDEX(code_Note1!$F$13:$F$16,MATCH(E24,code_Note1!$E$13:$E$16,0)),INDEX(code_Note1!$F$16,1)),IF(B24<code_Note1!$D$21,"No",IFERROR(VLOOKUP(C24,code_Note1!$D$3:$G$8,3,FALSE),"")))) -> No | P24: ເງິນກ້ອນເອົາມາລຶງທຶນ
B25: 45324 | C25: 2 | D25: ຄ່າກໍ່ສ້າງ ປັບປຸງສວນ | E25: ອຸປະກອນ ກໍ່ສ້າງ | F25: ສະເລັກທາສີເຫັລກ | G25: 140000 | O25: =IF(C25="","",IF(C25=5,IFERROR(INDEX(code_Note1!$F$13:$F$16,MATCH(E25,code_Note1!$E$13:$E$16,0)),INDEX(code_Note1!$F$16,1)),IF(B25<code_Note1!$D$21,"No",IFERROR(VLOOKUP(C25,code_Note1!$D$3:$G$8,3,FALSE),"")))) -> No | P25: ເງິນກ້ອນເອົາມາລຶງທຶນ
B26: 45324 | C26: 2 | D26: ຄ່າກໍ່ສ້າງ ປັບປຸງສວນ | E26: ຊີມັງ | F26: ຊີມັງແດງ1ຂຽວ2ຕ | G26: 5000000 | O26: =IF(C26="","",IF(C26=5,IFERROR(INDEX(code_Note1!$F$13:$F$16,MATCH(E26,code_Note1!$E$13:$E$16,0)),INDEX(code_Note1!$F$16,1)),IF(B26<code_Note1!$D$21,"No",IFERROR(VLOOKUP(C26,code_Note1!$D$3:$G$8,3,FALSE),"")))) -> No | P26: ເງິນກ້ອນເອົາມາລຶງທຶນ
B27: 45324 | C27: 3 | D27: ຄ່າບໍລິຫານ | E27: ນໍ້້າດື່ມ | F27: ນໍ້າ24ຕຸກ | G27: 216000 | O27: =IF(C27="","",IF(C27=5,IFERROR(INDEX(code_Note1!$F$13:$F$16,MATCH(E27,code_Note1!$E$13:$E$16,0)),INDEX(code_Note1!$F$16,1)),IF(B27<code_Note1!$D$21,"No",IFERROR(VLOOKUP(C27,code_Note1!$D$3:$G$8,3,FALSE),"")))) -> No | P27: ລາຍງ່າຍລະຫວ່າງໄລຍະເວລາໃນການເອົາໄກ່ເຂົ້າລະໄລ່ເຂົ້າໃນການບໍລິຫານຂາດທຶນກໍາໄລໄກ່ຊຸດນັ້ນໆ
B28: 45324 | C28: 2 | D28: ຄ່າກໍ່ສ້າງ ປັບປຸງສວນ | E28: ແຮງງານ ກໍ່ສ້າງ | F28: ແຮງງານ ລັກ19 ຈ່າຍສົດ | G28: 2000000 | O28: =IF(C28="","",IF(C28=5,IFERROR(INDEX(code_Note1!$F$13:$F$16,MATCH(E28,code_Note1!$E$13:$E$16,0)),INDEX(code_Note1!$F$16,1)),IF(B28<code_Note1!$D$21,"No",IFERROR(VLOOKUP(C28,code_Note1!$D$3:$G$8,3,FALSE),"")))) -> No | P28: ເງິນກ້ອນເອົາມາລຶງທຶນ
... B31: 45325 | C31: 2 | D31: ຄ່າກໍ່ສ້າງ ປັບປຸງສວນ | E31: ແຮງງານ ກໍ່ສ້າງ | F31: ແຮງງານ ຈອດຫັລງຕາ ຈົກດິນເກີນໂມງ | G31: 700000 | O31: =IF(C31="","",IF(C31=5,IFERROR(INDEX(code_Note1!$F$13:$F$16,MATCH(E31,code_Note1!$E$13:$E$16,0)),INDEX(code_Note1!$F$16,1)),IF(B31<code_Note1!$D$21,"No",IFERROR(VLOOKUP(C31,code_Note1!$D$3:$G$8,3,FALSE),"")))) -> No | P31: ເງິນກ້ອນເອົາມາລຶງທຶນ
B32: 45325 | C32: 2 | D32: ຄ່າກໍ່ສ້າງ ປັບປຸງສວນ | E32: ກ່ຽວກັບນໍ້າ | F32: ແທ່ງນໍ້າ | G32: 0 | H32: 0 | I32: 2000 | O32: =IF(C32="","",IF(C32=5,IFERROR(INDEX(code_Note1!$F$13:$F$16,MATCH(E32,code_Note1!$E$13:$E$16,0)),INDEX(code_Note1!$F$16,1)),IF(B32<code_Note1!$D$21,"No",IFERROR(VLOOKUP(C32,code_Note1!$D$3:$G$8,3,FALSE),"")))) -> No | P32: ເງິນກ້ອນເອົາມາລຶງທຶນ
B33: 45620 | C33: 3 | D33: ຄ່າບໍລິຫານ | E33: ຕລາດ | F33: ພັນປາ | G33: 210000 | O33: =IF(C33="","",IF(C33=5,IFERROR(INDEX(code_Note1!$F$13:$F$16,MATCH(E33,code_Note1!$E$13:$E$16,0)),INDEX(code_Note1!$F$16,1)),IF(B33<code_Note1!$D$21,"No",IFERROR(VLOOKUP(C33,code_Note1!$D$3:$G$8,3,FALSE),"")))) -> No | P33: ລາຍງ່າຍລະຫວ່າງໄລຍະເວລາໃນການເອົາໄກ່ເຂົ້າລະໄລ່ເຂົ້າໃນການບໍລິຫານຂາດທຶນກໍາໄລໄກ່ຊຸດນັ້ນໆ
B34: 45620 | C34: 1 | D34: ຄ່າໃຊ້ຈ່າຍໃນຟາມ ( ນໍ້າ, ໄຟ, ແຮງງານ) | E34: net | F34: ກ້ອງ3ຫນ່ວຍ | G34: 5550000 | O34: =IF(C34="","",IF(C34=5,IFERROR(INDEX(code_Note1!$F$13:$F$16,MATCH(E34,code_Note1!$E$13:$E$16,0)),INDEX(code_Note1!$F$16,1)),IF(B34<code_Note1!$D$21,"No",IFERROR(VLOOKUP(C34,code_Note1!$D$3:$G$8,3,FALSE),"")))) -> No | P34: ລາຍງ່າຍລະຫວ່າງໄລຍະເວລາໃນການເອົາໄກ່ເຂົ້າລະໄລ່ເຂົ້າໃນການບໍລິຫານຂາດທຶນກໍາໄລໄກ່ຊຸດນັ້ນໆ
B35: 45632 | C35: 1 | D35: ຄ່າໃຊ້ຈ່າຍໃນຟາມ ( ນໍ້າ, ໄຟ, ແຮງງານ) | E35: ຄ່າທຳນຽມ | F35: ນາຍບ້ານ copy | G35: 230000 | O35: =IF(C35="","",IF(C35=5,IFERROR(INDEX(code_Note1!$F$13:$F$16,MATCH(E35,code_Note1!$E$13:$E$16,0)),INDEX(code_Note1!$F$16,1)),IF(B35<code_Note1!$D$21,"No",IFERROR(VLOOKUP(C35,code_Note1!$D$3:$G$8,3,FALSE),"")))) -> No | P35: ລາຍງ່າຍລະຫວ່າງໄລຍະເວລາໃນການເອົາໄກ່ເຂົ້າລະໄລ່ເຂົ້າໃນການບໍລິຫານຂາດທຶນກໍາໄລໄກ່ຊຸດນັ້ນໆ
B36: 45645 | C36: 1 | D36: ຄ່າໃຊ້ຈ່າຍໃນຟາມ ( ນໍ້າ, ໄຟ, ແຮງງານ) | E36: net | F36: ເນັດ ລັກ19 | G36: 165000 | O36: =IF(C36="","",IF(C36=5,IFERROR(INDEX(code_Note1!$F$13:$F$16,MATCH(E36,code_Note1!$E$13:$E$16,0)),INDEX(code_Note1!$F$16,1)),IF(B36<code_Note1!$D$21,"No",IFERROR(VLOOKUP(C36,code_Note1!$D$3:$G$8,3,FALSE),"")))) -> No | P36: ລາຍງ່າຍລະຫວ່າງໄລຍະເວລາໃນການເອົາໄກ່ເຂົ້າລະໄລ່ເຂົ້າໃນການບໍລິຫານຂາດທຶນກໍາໄລໄກ່ຊຸດນັ້ນໆ
B37: 45653 | C37: 1 | D37: ຄ່າໃຊ້ຈ່າຍໃນຟາມ ( ນໍ້າ, ໄຟ, ແຮງງານ) | E37: ຄ່າທຳນຽມ | F37: ບົດບັນທຶກສຳລວດ ມາ5ຄົນ | G37: 2100000 | O37: =IF(C37="","",IF(C37=5,IFERROR(INDEX(code_Note1!$F$13:$F$16,MATCH(E37,code_Note1!$E$13:$E$16,0)),INDEX(code_Note1!$F$16,1)),IF(B37<code_Note1!$D$21,"No",IFERROR(VLOOKUP(C37,code_Note1!$D$3:$G$8,3,FALSE),"")))) -> No | P37: ລາຍງ່າຍລະຫວ່າງໄລຍະເວລາໃນການເອົາໄກ່ເຂົ້າລະໄລ່ເຂົ້າໃນການບໍລິຫານຂາດທຶນກໍາໄລໄກ່ຊຸດນັ້ນໆ
B38: 45660 | C38: 2 | D38: ຄ່າກໍ່ສ້າງ ປັບປຸງສວນ | E38: ພັດລົມ | F38: ຈ່າຍຄ່າໃຫ່ຍ ເຄິ່ງຄ່າກ່ອນ ໄວ້ໃສ່ຄອກຢູລັກ19 ຈໍານວນ36ໜ່ວຍ | G38: 36000000 | O38: =IF(C38="","",IF(C38=5,IFERROR(INDEX(code_Note1!$F$13:$F$16,MATCH(E38,code_Note1!$E$13:$E$16,0)),INDEX(code_Note1!$F$16,1)),IF(B38<code_Note1!$D$21,"No",IFERROR(VLOOKUP(C38,code_Note1!$D$3:$G$8,3,FALSE),"")))) -> No | P38: ເງິນກ້ອນເອົາມາລຶງທຶນ
B39: 45667 | C39: 1 | D39: ຄ່າໃຊ້ຈ່າຍໃນຟາມ ( ນໍ້າ, ໄຟ, ແຮງງານ) | E39: vac | F39: ແຮງງານດາດປາກໄກ່ ອ້າຍຫອມສົ່ງຄົນກໍ່ສ້າງຊ່ວຍ2ຄອກລຸ່ມ | G39: 1200000 | O39: =IF(C39="","",IF(C39=5,IFERROR(INDEX(code_Note1!$F$13:$F$16,MATCH(E39,code_Note1!$E$13:$E$16,0)),INDEX(code_Note1!$F$16,1)),IF(B39<code_Note1!$D$21,"No",IFERROR(VLOOKUP(C39,code_Note1!$D$3:$G$8,3,FALSE),"")))) -> No | P39: ລາຍງ່າຍລະຫວ່າງໄລຍະເວລາໃນການເອົາໄກ່ເຂົ້າລະໄລ່ເຂົ້າໃນການບໍລິຫານຂາດທຶນກໍາໄລໄກ່ຊຸດນັ້ນໆ
B40: 45669 | C40: 1 | D40: ຄ່າໃຊ້ຈ່າຍໃນຟາມ ( ນໍ້າ, ໄຟ, ແຮງງານ) | E40: vac | F40: ສັກວັກຊິນ | G40: 3100000 | O40: =IF(C40="","",IF(C40=5,IFERROR(INDEX(code_Note1!$F$13:$F$16,MATCH(E40,code_Note1!$E$13:$E$16,0)),INDEX(code_Note1!$F$16,1)),IF(B40<code_Note1!$D$21,"No",IFERROR(VLOOKUP(C40,code_Note1!$D$3:$G$8,3,FALSE),"")))) -> No | P40: ລາຍງ່າຍລະຫວ່າງໄລຍະເວລາໃນການເອົາໄກ່ເຂົ້າລະໄລ່ເຂົ້າໃນການບໍລິຫານຂາດທຶນກໍາໄລໄກ່ຊຸດນັ້ນໆ
B41: 45672 | C41: 1 | D41: ຄ່າໃຊ້ຈ່າຍໃນຟາມ ( ນໍ້າ, ໄຟ, ແຮງງານ) | E41: net | F41: ເນັດ ລັກ19 | G41: 120000 | O41: =IF(C41="","",IF(C41=5,IFERROR(INDEX(code_Note1!$F$13:$F$16,MATCH(E41,code_Note1!$E$13:$E$16,0)),INDEX(code_Note1!$F$16,1)),IF(B41<code_Note1!$D$21,"No",IFERROR(VLOOKUP(C41,code_Note1!$D$3:$G$8,3,FALSE),"")))) -> No | P41: ລາຍງ່າຍລະຫວ່າງໄລຍະເວລາໃນການເອົາໄກ່ເຂົ້າລະໄລ່ເຂົ້າໃນການບໍລິຫານຂາດທຶນກໍາໄລໄກ່ຊຸດນັ້ນໆ
B42: 45675 | C42: 2 | D42: ຄ່າກໍ່ສ້າງ ປັບປຸງສວນ | E42: ເສົາ | F42: ຈໍາເສົາ | G42: 0 | I42: 1000 | O42: =IF(C42="","",IF(C42=5,IFERROR(INDEX(code_Note1!$F$13:$F$16,MATCH(E42,code_Note1!$E$13:$E$16,0)),INDEX(code_Note1!$F$16,1)),IF(B42<code_Note1!$D$21,"No",IFERROR(VLOOKUP(C42,code_Note1!$D$3:$G$8,3,FALSE),"")))) -> No | P42: ເງິນກ້ອນເອົາມາລຶງທຶນ
B43: 45675 | C43: 3 | D43: ຄ່າບໍລິຫານ | E43: ຕລາດ | F43: ລາບ | G43: 126000 | O43: =IF(C43="","",IF(C43=5,IFERROR(INDEX(code_Note1!$F$13:$F$16,MATCH(E43,code_Note1!$E$13:$E$16,0)),INDEX(code_Note1!$F$16,1)),IF(B43<code_Note1!$D$21,"No",IFERROR(VLOOKUP(C43,code_Note1!$D$3:$G$8,3,FALSE),"")))) -> No | P43: ລາຍງ່າຍລະຫວ່າງໄລຍະເວລາໃນການເອົາໄກ່ເຂົ້າລະໄລ່ເຂົ້າໃນການບໍລິຫານຂາດທຶນກໍາໄລໄກ່ຊຸດນັ້ນໆ
B44: 45677 | C44: 2 | D44: ຄ່າກໍ່ສ້າງ ປັບປຸງສວນ | E44: ພັດລົມ | F44: 32ຫນ່ວຍຈ່າຍອີກເຄິ່ງທີເຫລືອ | G44: 33000000 | O44: =IF(C44="","",IF(C44=5,IFERROR(INDEX(code_Note1!$F$13:$F$16,MATCH(E44,code_Note1!$E$13:$E$16,0)),INDEX(code_Note1!$F$16,1)),IF(B44<code_Note1!$D$21,"No",IFERROR(VLOOKUP(C44,code_Note1!$D$3:$G$8,3,FALSE),"")))) -> No | P44: ເງິນກ້ອນເອົາມາລຶງທຶນ
B45: 45677 | C45: 1 | D45: ຄ່າໃຊ້ຈ່າຍໃນຟາມ ( ນໍ້າ, ໄຟ, ແຮງງານ) | E45: ຄ່າທຳນຽມ | F45: ອະນຸຍາດສ້າງຟາມໄກ່ | G45: 5000000 | O45: =IF(C45="","",IF(C45=5,IFERROR(INDEX(code_Note1!$F$13:$F$16,MATCH(E45,code_Note1!$E$13:$E$16,0)),INDEX(code_Note1!$F$16,1)),IF(B45<code_Note1!$D$21,"No",IFERROR(VLOOKUP(C45,code_Note1!$D$3:$G$8,3,FALSE),"")))) -> No | P45: ລາຍງ່າຍລະຫວ່າງໄລຍະເວລາໃນການເອົາໄກ່ເຂົ້າລະໄລ່ເຂົ້າໃນການບໍລິຫານຂາດທຶນກໍາໄລໄກ່ຊຸດນັ້ນໆ
B46: 45678 | C46: 1 | D46: ຄ່າໃຊ້ຈ່າຍໃນຟາມ ( ນໍ້າ, ໄຟ, ແຮງງານ) | E46: net | F46: ຊິມໃຫມ່3 | G46: 180000 | O46: =IF(C46="","",IF(C46=5,IFERROR(INDEX(code_Note1!$F$13:$F$16,MATCH(E46,code_Note1!$E$13:$E$16,0)),INDEX(code_Note1!$F$16,1)),IF(B46<code_Note1!$D$21,"No",IFERROR(VLOOKUP(C46,code_Note1!$D$3:$G$8,3,FALSE),"")))) -> No | P46: ລາຍງ່າຍລະຫວ່າງໄລຍະເວລາໃນການເອົາໄກ່ເຂົ້າລະໄລ່ເຂົ້າໃນການບໍລິຫານຂາດທຶນກໍາໄລໄກ່ຊຸດນັ້ນໆ
B47: 45679 | C47: 3 | D47: ຄ່າບໍລິຫານ | E47: ຕລາດ | F47: ໂຊກທະວີ | G47: 612500 | O47: =IF(C47="","",IF(C47=5,IFERROR(INDEX(code_Note1!$F$13:$F$16,MATCH(E47,code_Note1!$E$13:$E$16,0)),INDEX(code_Note1!$F$16,1)),IF(B47<code_Note1!$D$21,"No",IFERROR(VLOOKUP(C47,code_Note1!$D$3:$G$8,3,FALSE),"")))) -> No | P47: ລາຍງ່າຍລະຫວ່າງໄລຍະເວລາໃນການເອົາໄກ່ເຂົ້າລະໄລ່ເຂົ້າໃນການບໍລິຫານຂາດທຶນກໍາໄລໄກ່ຊຸດນັ້ນໆ
B48: 45679 | C48: 3 | D48: ຄ່າບໍລິຫານ | E48: ຕລາດ | F48: ອຸປະກອນຄົວເຮືອນ ອາຫານ | G48: 1600000 | O48: =IF(C48="","",IF(C48=5,IFERROR(INDEX(code_Note1!$F$13:$F$16,MATCH(E48,code_Note1!$E$13:$E$16,0)),INDEX(code_Note1!$F$16,1)),IF(B48<code_Note1!$D$21,"No",IFERROR(VLOOKUP(C48,code_Note1!$D$3:$G$8,3,FALSE),"")))) -> No | P48: ລາຍງ່າຍລະຫວ່າງໄລຍະເວລາໃນການເອົາໄກ່ເຂົ້າລະໄລ່ເຂົ້າໃນການບໍລິຫານຂາດທຶນກໍາໄລໄກ່ຊຸດນັ້ນໆ
B49: 45679 | C49: 3 | D49: ຄ່າບໍລິຫານ | E49: ຕລາດ | F49: ກິນເຝີ | G49: 400000 | O49: =IF(C49="","",IF(C49=5,IFERROR(INDEX(code_Note1!$F$13:$F$16,MATCH(E49,code_Note1!$E$13:$E$16,0)),INDEX(code_Note1!$F$16,1)),IF(B49<code_Note1!$D$21,"No",IFERROR(VLOOKUP(C49,code_Note1!$D$3:$G$8,3,FALSE),"")))) -> No | P49: ລາຍງ່າຍລະຫວ່າງໄລຍະເວລາໃນການເອົາໄກ່ເຂົ້າລະໄລ່ເຂົ້າໃນການບໍລິຫານຂາດທຶນກໍາໄລໄກ່ຊຸດນັ້ນໆ
B50: 45680 | C50: 2 | D50: ຄ່າກໍ່ສ້າງ ປັບປຸງສວນ | E50: ຊີມັງ | F50: ຊິມັງ ເຊຶອກ | G50: 500000 | O50: =IF(C50="","",IF(C50=5,IFERROR(INDEX(code_Note1!$F$13:$F$16,MATCH(E50,code_Note1!$E$13:$E$16,0)),INDEX(code_Note1!$F$16,1)),IF(B50<code_Note1!$D$21,"No",IFERROR(VLOOKUP(C50,code_Note1!$D$3:$G$8,3,FALSE),"")))) -> No | P50: ເງິນກ້ອນເອົາມາລຶງທຶນ
B51: 45680 | C51: 1 | D51: ຄ່າໃຊ້ຈ່າຍໃນຟາມ ( ນໍ້າ, ໄຟ, ແຮງງານ) | E51: net | F51: Net ໃສ່3ຊິມ | G51: 120000 | O51: =IF(C51="","",IF(C51=5,IFERROR(INDEX(code_Note1!$F$13:$F$16,MATCH(E51,code_Note1!$E$13:$E$16,0)),INDEX(code_Note1!$F$16,1)),IF(B51<code_Note1!$D$21,"No",IFERROR(VLOOKUP(C51,code_Note1!$D$3:$G$8,3,FALSE),"")))) -> No | P51: ລາຍງ່າຍລະຫວ່າງໄລຍະເວລາໃນການເອົາໄກ່ເຂົ້າລະໄລ່ເຂົ້າໃນການບໍລິຫານຂາດທຶນກໍາໄລໄກ່ຊຸດນັ້ນໆ
B52: 45681 | C52: 2 | D52: ຄ່າກໍ່ສ້າງ ປັບປຸງສວນ | E52: ປູກຕົ້ນໄມ້ | F52: ດອກໄມ້ | G52: 110000 | O52: =IF(C52="","",IF(C52=5,IFERROR(INDEX(code_Note1!$F$13:$F$16,MATCH(E52,code_Note1!$E$13:$E$16,0)),INDEX(code_Note1!$F$16,1)),IF(B52<code_Note1!$D$21,"No",IFERROR(VLOOKUP(C52,code_Note1!$D$3:$G$8,3,FALSE),"")))) -> No | P52: ເງິນກ້ອນເອົາມາລຶງທຶນ
B53: 45681 | C53: 2 | D53: ຄ່າກໍ່ສ້າງ ປັບປຸງສວນ | E53: ອຸປະກອນ ກໍ່ສ້າງ | F53: ເລື່ອຍຕັດໄມ້ | G53: 0 | H53: 1500 | O53: =IF(C53="","",IF(C53=5,IFERROR(INDEX(code_Note1!$F$13:$F$16,MATCH(E53,code_Note1!$E$13:$E$16,0)),INDEX(code_Note1!$F$16,1)),IF(B53<code_Note1!$D$21,"No",IFERROR(VLOOKUP(C53,code_Note1!$D$3:$G$8,3,FALSE),"")))) -> No | P53: ເງິນກ້ອນເອົາມາລຶງທຶນ
B54: 45681 | C54: 2 | D54: ຄ່າກໍ່ສ້າງ ປັບປຸງສວນ | E54: ອຸປະກອນ ກໍ່ສ້າງ | F54: ຝຸ້ຍລ້າງຊາຍ | G54: 380000 | O54: =IF(C54="","",IF(C54=5,IFERROR(INDEX(code_Note1!$F$13:$F$16,MATCH(E54,code_Note1!$E$13:$E$16,0)),INDEX(code_Note1!$F$16,1)),IF(B54<code_Note1!$D$21,"No",IFERROR(VLOOKUP(C54,code_Note1!$D$3:$G$8,3,FALSE),"")))) -> No | P54: ເງິນກ້ອນເອົາມາລຶງທຶນ
B55: 45692 | C55: 2 | D55: ຄ່າກໍ່ສ້າງ ປັບປຸງສວນ | E55: ປັບດິນ | F55: ປັບດິນ ລັກ19 7days | G55: 28200000 | O55: =IF(C55="","",IF(C55=5,IFERROR(INDEX(code_Note1!$F$13:$F$16,MATCH(E55,code_Note1!$E$13:$E$16,0)),INDEX(code_Note1!$F$16,1)),IF(B55<code_Note1!$D$21,"No",IFERROR(VLOOKUP(C55,code_Note1!$D$3:$G$8,3,FALSE),"")))) -> No | P55: ເງິນກ້ອນເອົາມາລຶງທຶນ
B56: 45692 | C56: 2 | D56: ຄ່າກໍ່ສ້າງ ປັບປຸງສວນ | E56: ອາລູຊິງ | F56: ອາລູຊິງລັກ19ລາຄາ18791ບາດ | G56: 12026000 | O56: =IF(C56="","",IF(C56=5,IFERROR(INDEX(code_Note1!$F$13:$F$16,MATCH(E56,code_Note1!$E$13:$E$16,0)),INDEX(code_Note1!$F$16,1)),IF(B56<code_Note1!$D$21,"No",IFERROR(VLOOKUP(C56,code_Note1!$D$3:$G$8,3,FALSE),"")))) -> No | P56: ເງິນກ້ອນເອົາມາລຶງທຶນ
B57: 45692 | C57: 2 | D57: ຄ່າກໍ່ສ້າງ ປັບປຸງສວນ | E57: ປັບດິນ | F57: ຈົກດິນ ລົງທໍ່66ອັນ | G57: 3800000 | O57: =IF(C57="","",IF(C57=5,IFERROR(INDEX(code_Note1!$F$13:$F$16,MATCH(E57,code_Note1!$E$13:$E$16,0)),INDEX(code_Note1!$F$16,1)),IF(B57<code_Note1!$D$21,"No",IFERROR(VLOOKUP(C57,code_Note1!$D$3:$G$8,3,FALSE),"")))) -> No | P57: ເງິນກ້ອນເອົາມາລຶງທຶນ
B58: 45692 | C58: 2 | D58: ຄ່າກໍ່ສ້າງ ປັບປຸງສວນ | E58: ອຸປະກອນ ກໍ່ສ້າງ | F58: ຝອຍທາສີ | G58: 20000 | O58: =IF(C58="","",IF(C58=5,IFERROR(INDEX(code_Note1!$F$13:$F$16,MATCH(E58,code_Note1!$E$13:$E$16,0)),INDEX(code_Note1!$F$16,1)),IF(B58<code_Note1!$D$21,"No",IFERROR(VLOOKUP(C58,code_Note1!$D$3:$G$8,3,FALSE),"")))) -> No | P58: ເງິນກ້ອນເອົາມາລຶງທຶນ
B59: 45693 | C59: 2 | D59: ຄ່າກໍ່ສ້າງ ປັບປຸງສວນ | E59: ຫີນ ຊາຍ | F59: ຊາຍ1 | G59: 1700000 | O59: =IF(C59="","",IF(C59=5,IFERROR(INDEX(code_Note1!$F$13:$F$16,MATCH(E59,code_Note1!$E$13:$E$16,0)),INDEX(code_Note1!$F$16,1)),IF(B59<code_Note1!$D$21,"No",IFERROR(VLOOKUP(C59,code_Note1!$D$3:$G$8,3,FALSE),"")))) -> No | P59: ເງິນກ້ອນເອົາມາລຶງທຶນ
B60: 45693 | C60: 2 | D60: ຄ່າກໍ່ສ້າງ ປັບປຸງສວນ | E60: ອຸປະກອນ ກໍ່ສ້າງ | F60: ຕະປູ | G60: 60000 | O60: =IF(C60="","",IF(C60=5,IFERROR(INDEX(code_Note1!$F$13:$F$16,MATCH(E60,code_Note1!$E$13:$E$16,0)),INDEX(code_Note1!$F$16,1)),IF(B60<code_Note1!$D$21,"No",IFERROR(VLOOKUP(C60,code_Note1!$D$3:$G$8,3,FALSE),"")))) -> No | P60: ເງິນກ້ອນເອົາມາລຶງທຶນ
B61: 45695 | C61: 2 | D61: ຄ່າກໍ່ສ້າງ ປັບປຸງສວນ | E61: ອຸປະກອນ ກໍ່ສ້າງ | F61: ນ້ອດຫັລງຄາ | G61: 100000 | O61: =IF(C61="","",IF(C61=5,IFERROR(INDEX(code_Note1!$F$13:$F$16,MATCH(E61,code_Note1!$E$13:$E$16,0)),INDEX(code_Note1!$F$16,1)),IF(B61<code_Note1!$D$21,"No",IFERROR(VLOOKUP(C61,code_Note1!$D$3:$G$8,3,FALSE),"")))) -> No | P61: ເງິນກ້ອນເອົາມາລຶງທຶນ
B62: 45695 | C62: 3 | D62: ຄ່າບໍລິຫານ | E62: ເຄື່ອງໃຊ້ ພງ | F62: ຕູ້ເຢັນແປງ | G62: 500000 | O62: =IF(C62="","",IF(C62=5,IFERROR(INDEX(code_Note1!$F$13:$F$16,MATCH(E62,code_Note1!$E$13:$E$16,0)),INDEX(code_Note1!$F$16,1)),IF(B62<code_Note1!$D$21,"No",IFERROR(VLOOKUP(C62,code_Note1!$D$3:$G$8,3,FALSE),"")))) -> No | P62: ລາຍງ່າຍລະຫວ່າງໄລຍະເວລາໃນການເອົາໄກ່ເຂົ້າລະໄລ່ເຂົ້າໃນການບໍລິຫານຂາດທຶນກໍາໄລໄກ່ຊຸດນັ້ນໆ
B63: 45696 | C63: 2 | D63: ຄ່າກໍ່ສ້າງ ປັບປຸງສວນ | E63: ຫີນ ຊາຍ | F63: ຫີນ 3.3 ຊາຍ1.7 | G63: 5000000 | O63: =IF(C63="","",IF(C63=5,IFERROR(INDEX(code_Note1!$F$13:$F$16,MATCH(E63,code_Note1!$E$13:$E$16,0)),INDEX(code_Note1!$F$16,1)),IF(B63<code_Note1!$D$21,"No",IFERROR(VLOOKUP(C63,code_Note1!$D$3:$G$8,3,FALSE),"")))) -> No | P63: ເງິນກ້ອນເອົາມາລຶງທຶນ
B64: 45696 | C64: 2 | D64: ຄ່າກໍ່ສ້າງ ປັບປຸງສວນ | E64: ຊີມັງ ເລັກ | F64: ຊີມັງ ທໍ່ ອຸປະກອນ ເຮືອນນອນ | G64: 4165000 | O64: =IF(C64="","",IF(C64=5,IFERROR(INDEX(code_Note1!$F$13:$F$16,MATCH(E64,code_Note1!$E$13:$E$16,0)),INDEX(code_Note1!$F$16,1)),IF(B64<code_Note1!$D$21,"No",IFERROR(VLOOKUP(C64,code_Note1!$D$3:$G$8,3,FALSE),"")))) -> No | P64: ເງິນກ້ອນເອົາມາລຶງທຶນ
B65: 45696 | C65: 2 | D65: ຄ່າກໍ່ສ້າງ ປັບປຸງສວນ | E65: ແຮງງານ ກໍ່ສ້າງ | F65: ແຮງງານ1ນສ2ລັກ19 | G65: 600000 | O65: =IF(C65="","",IF(C65=5,IFERROR(INDEX(code_Note1!$F$13:$F$16,MATCH(E65,code_Note1!$E$13:$E$16,0)),INDEX(code_Note1!$F$16,1)),IF(B65<code_Note1!$D$21,"No",IFERROR(VLOOKUP(C65,code_Note1!$D$3:$G$8,3,FALSE),"")))) -> No | P65: ເງິນກ້ອນເອົາມາລຶງທຶນ
... B89: 45703 | C89: 2 | D89: ຄ່າກໍ່ສ້າງ ປັບປຸງສວນ | E89: ກ່ຽວກັບນໍ້າ | F89: ອຸປະກອນເຮືອນນອນ ປະເພດທໍ່ | G89: 1241000 | O89: =IF(C89="","",IF(C89=5,IFERROR(INDEX(code_Note1!$F$13:$F$16,MATCH(E89,code_Note1!$E$13:$E$16,0)),INDEX(code_Note1!$F$16,1)),IF(B89<code_Note1!$D$21,"No",IFERROR(VLOOKUP(C89,code_Note1!$D$3:$G$8,3,FALSE),"")))) -> No | P89: ເງິນກ້ອນເອົາມາລຶງທຶນ
B90: 45703 | C90: 2 | D90: ຄ່າກໍ່ສ້າງ ປັບປຸງສວນ | E90: ອຸປະກອນ ໄຟຟ້າ | F90: ຕູ້ | G90: 0 | H90: 28000 | O90: =IF(C90="","",IF(C90=5,IFERROR(INDEX(code_Note1!$F$13:$F$16,MATCH(E90,code_Note1!$E$13:$E$16,0)),INDEX(code_Note1!$F$16,1)),IF(B90<code_Note1!$D$21,"No",IFERROR(VLOOKUP(C90,code_Note1!$D$3:$G$8,3,FALSE),"")))) -> No | P90: ເງິນກ້ອນເອົາມາລຶງທຶນ
B91: 45703 | C91: 3 | D91: ຄ່າບໍລິຫານ | E91: ຕລາດ | F91: ໄຂ່ | G91: 310000 | O91: =IF(C91="","",IF(C91=5,IFERROR(INDEX(code_Note1!$F$13:$F$16,MATCH(E91,code_Note1!$E$13:$E$16,0)),INDEX(code_Note1!$F$16,1)),IF(B91<code_Note1!$D$21,"No",IFERROR(VLOOKUP(C91,code_Note1!$D$3:$G$8,3,FALSE),"")))) -> No | P91: ລາຍງ່າຍລະຫວ່າງໄລຍະເວລາໃນການເອົາໄກ່ເຂົ້າລະໄລ່ເຂົ້າໃນການບໍລິຫານຂາດທຶນກໍາໄລໄກ່ຊຸດນັ້ນໆ
B92: 45703 | C92: 2 | D92: ຄ່າກໍ່ສ້າງ ປັບປຸງສວນ | E92: ຫີນ ຊາຍ | F92: ຫີນຊາຍ | G92: 11900000 | O92: =IF(C92="","",IF(C92=5,IFERROR(INDEX(code_Note1!$F$13:$F$16,MATCH(E92,code_Note1!$E$13:$E$16,0)),INDEX(code_Note1!$F$16,1)),IF(B92<code_Note1!$D$21,"No",IFERROR(VLOOKUP(C92,code_Note1!$D$3:$G$8,3,FALSE),"")))) -> No | P92: ເງິນກ້ອນເອົາມາລຶງທຶນ
B93: 45704 | C93: 2 | D93: ຄ່າກໍ່ສ້າງ ປັບປຸງສວນ | E93: ອຸປະກອນ ກໍ່ສ້າງ | F93: ນ້ອດ2ອັນ | G93: 40000 | O93: =IF(C93="","",IF(C93=5,IFERROR(INDEX(code_Note1!$F$13:$F$16,MATCH(E93,code_Note1!$E$13:$E$16,0)),INDEX(code_Note1!$F$16,1)),IF(B93<code_Note1!$D$21,"No",IFERROR(VLOOKUP(C93,code_Note1!$D$3:$G$8,3,FALSE),"")))) -> No | P93: ເງິນກ້ອນເອົາມາລຶງທຶນ
B94: 45704 | C94: 3 | D94: ຄ່າບໍລິຫານ | E94: ຕລາດ | F94: ມັນເຜົາ | G94: 60000 | O94: =IF(C94="","",IF(C94=5,IFERROR(INDEX(code_Note1!$F$13:$F$16,MATCH(E94,code_Note1!$E$13:$E$16,0)),INDEX(code_Note1!$F$16,1)),IF(B94<code_Note1!$D$21,"No",IFERROR(VLOOKUP(C94,code_Note1!$D$3:$G$8,3,FALSE),"")))) -> No | P94: ລາຍງ່າຍລະຫວ່າງໄລຍະເວລາໃນການເອົາໄກ່ເຂົ້າລະໄລ່ເຂົ້າໃນການບໍລິຫານຂາດທຶນກໍາໄລໄກ່ຊຸດນັ້ນໆ
B95: 45704 | C95: 2 | D95: ຄ່າກໍ່ສ້າງ ປັບປຸງສວນ | E95: ກ່ຽວກັບນໍ້າ | F95: ທໍນໍ້າ | G95: 445000 | O95: =IF(C95="","",IF(C95=5,IFERROR(INDEX(code_Note1!$F$13:$F$16,MATCH(E95,code_Note1!$E$13:$E$16,0)),INDEX(code_Note1!$F$16,1)),IF(B95<code_Note1!$D$21,"No",IFERROR(VLOOKUP(C95,code_Note1!$D$3:$G$8,3,FALSE),"")))) -> No | P95: ເງິນກ້ອນເອົາມາລຶງທຶນ
B96: 45704 | C96: 2 | D96: ຄ່າກໍ່ສ້າງ ປັບປຸງສວນ | E96: ກ່ຽວກັບນໍ້າ | F96: ທໍນໍ້າ | G96: 120000 | O96: =IF(C96="","",IF(C96=5,IFERROR(INDEX(code_Note1!$F$13:$F$16,MATCH(E96,code_Note1!$E$13:$E$16,0)),INDEX(code_Note1!$F$16,1)),IF(B96<code_Note1!$D$21,"No",IFERROR(VLOOKUP(C96,code_Note1!$D$3:$G$8,3,FALSE),"")))) -> No | P96: ເງິນກ້ອນເອົາມາລຶງທຶນ
B97: 45704 | C97: 3 | D97: ຄ່າບໍລິຫານ | E97: ຕລາດ | F97: ຖ່ານ | G97: 285000 | O97: =IF(C97="","",IF(C97=5,IFERROR(INDEX(code_Note1!$F$13:$F$16,MATCH(E97,code_Note1!$E$13:$E$16,0)),INDEX(code_Note1!$F$16,1)),IF(B97<code_Note1!$D$21,"No",IFERROR(VLOOKUP(C97,code_Note1!$D$3:$G$8,3,FALSE),"")))) -> No | P97: ລາຍງ່າຍລະຫວ່າງໄລຍະເວລາໃນການເອົາໄກ່ເຂົ້າລະໄລ່ເຂົ້າໃນການບໍລິຫານຂາດທຶນກໍາໄລໄກ່ຊຸດນັ້ນໆ
B98: 45704 | C98: 3 | D98: ຄ່າບໍລິຫານ | E98: ຕລາດ | F98: ນໍ້າດື່ມປາກຮ່ອມ | G98: 29000 | O98: =IF(C98="","",IF(C98=5,IFERROR(INDEX(code_Note1!$F$13:$F$16,MATCH(E98,code_Note1!$E$13:$E$16,0)),INDEX(code_Note1!$F$16,1)),IF(B98<code_Note1!$D$21,"No",IFERROR(VLOOKUP(C98,code_Note1!$D$3:$G$8,3,FALSE),"")))) -> No | P98: ລາຍງ່າຍລະຫວ່າງໄລຍະເວລາໃນການເອົາໄກ່ເຂົ້າລະໄລ່ເຂົ້າໃນການບໍລິຫານຂາດທຶນກໍາໄລໄກ່ຊຸດນັ້ນໆ
B99: 45704 | C99: 2 | D99: ຄ່າກໍ່ສ້າງ ປັບປຸງສວນ | E99: ແຮງງານ ກໍ່ສ້າງ | F99: ແຮງງານລຸງເພັດ | G99: 1500000 | O99: =IF(C99="","",IF(C99=5,IFERROR(INDEX(code_Note1!$F$13:$F$16,MATCH(E99,code_Note1!$E$13:$E$16,0)),INDEX(code_Note1!$F$16,1)),IF(B99<code_Note1!$D$21,"No",IFERROR(VLOOKUP(C99,code_Note1!$D$3:$G$8,3,FALSE),"")))) -> No | P99: ເງິນກ້ອນເອົາມາລຶງທຶນ
B100: 45704 | C100: 3 | D100: ຄ່າບໍລິຫານ | E100: ຕລາດ | F100: ຊີ້ນ4ໂລ | G100: 400000 | O100: =IF(C100="","",IF(C100=5,IFERROR(INDEX(code_Note1!$F$13:$F$16,MATCH(E100,code_Note1!$E$13:$E$16,0)),INDEX(code_Note1!$F$16,1)),IF(B100<code_Note1!$D$21,"No",IFERROR(VLOOKUP(C100,code_Note1!$D$3:$G$8,3,FALSE),"")))) -> No | P100: ລາຍງ່າຍລະຫວ່າງໄລຍະເວລາໃນການເອົາໄກ່ເຂົ້າລະໄລ່ເຂົ້າໃນການບໍລິຫານຂາດທຶນກໍາໄລໄກ່ຊຸດນັ້ນໆ
B101: 45704 | C101: ພໍ່ | D101: ຄ່າໃຊ້ຈ່າຍພໍ່ອອກກ່ອນ | E101: ກ່ຽວກັບໄຟ | F101: ດອກໄຟພໍ່ຊື້ | G101: 237000 | O101: =IF(C101="","",IF(C101=5,IFERROR(INDEX(code_Note1!$F$13:$F$16,MATCH(E101,code_Note1!$E$13:$E$16,0)),INDEX(code_Note1!$F$16,1)),IF(B101<code_Note1!$D$21,"No",IFERROR(VLOOKUP(C101,code_Note1!$D$3:$G$8,3,FALSE),"")))) -> No | P101: ເງິນກ້ອນເອົາມາລຶງທຶນ ແຕ່ແຍກເມື່ອຕ້ອງການຈະຊໍາລະຄືນ ເມື່ອຊໍາລະແລ້ວໃຫ້ລົບຍອດສະສົມ
B102: 45705 | C102: 2 | D102: ຄ່າກໍ່ສ້າງ ປັບປຸງສວນ | E102: ອຸປະກອນ ກໍ່ສ້າງ | F102: ຫມາກບີ່ | G102: 800000 | O102: =IF(C102="","",IF(C102=5,IFERROR(INDEX(code_Note1!$F$13:$F$16,MATCH(E102,code_Note1!$E$13:$E$16,0)),INDEX(code_Note1!$F$16,1)),IF(B102<code_Note1!$D$21,"No",IFERROR(VLOOKUP(C102,code_Note1!$D$3:$G$8,3,FALSE),"")))) -> No | P102: ເງິນກ້ອນເອົາມາລຶງທຶນ
B103: 45705 | C103: 2 | D103: ຄ່າກໍ່ສ້າງ ປັບປຸງສວນ | E103: ແຮງງານ ກໍ່ສ້າງ | F103: ແຮງງານ | G103: 2000000 | O103: =IF(C103="","",IF(C103=5,IFERROR(INDEX(code_Note1!$F$13:$F$16,MATCH(E103,code_Note1!$E$13:$E$16,0)),INDEX(code_Note1!$F$16,1)),IF(B103<code_Note1!$D$21,"No",IFERROR(VLOOKUP(C103,code_Note1!$D$3:$G$8,3,FALSE),"")))) -> No | P103: ເງິນກ້ອນເອົາມາລຶງທຶນ
B104: 45705 | C104: 3 | D104: ຄ່າບໍລິຫານ | E104: ນໍ້້າດື່ມ | F104: ນໍ້າດື່ມ | G104: 180000 | O104: =IF(C104="","",IF(C104=5,IFERROR(INDEX(code_Note1!$F$13:$F$16,MATCH(E104,code_Note1!$E$13:$E$16,0)),INDEX(code_Note1!$F$16,1)),IF(B104<code_Note1!$D$21,"No",IFERROR(VLOOKUP(C104,code_Note1!$D$3:$G$8,3,FALSE),"")))) -> No | P104: ລາຍງ່າຍລະຫວ່າງໄລຍະເວລາໃນການເອົາໄກ່ເຂົ້າລະໄລ່ເຂົ້າໃນການບໍລິຫານຂາດທຶນກໍາໄລໄກ່ຊຸດນັ້ນໆ
B105: 45705 | C105: 2 | D105: ຄ່າກໍ່ສ້າງ ປັບປຸງສວນ | E105: ແຮງງານ ກໍ່ສ້າງ | F105: ແຮງງານ | G105: 2000000 | O105: =IF(C105="","",IF(C105=5,IFERROR(INDEX(code_Note1!$F$13:$F$16,MATCH(E105,code_Note1!$E$13:$E$16,0)),INDEX(code_Note1!$F$16,1)),IF(B105<code_Note1!$D$21,"No",IFERROR(VLOOKUP(C105,code_Note1!$D$3:$G$8,3,FALSE),"")))) -> No | P105: ເງິນກ້ອນເອົາມາລຶງທຶນ
B106: 45705 | C106: 3 | D106: ຄ່າບໍລິຫານ | E106: ນໍ້້າດື່ມ | F106: ນໍ້າດື່ມ | G106: 180000 | O106: =IF(C106="","",IF(C106=5,IFERROR(INDEX(code_Note1!$F$13:$F$16,MATCH(E106,code_Note1!$E$13:$E$16,0)),INDEX(code_Note1!$F$16,1)),IF(B106<code_Note1!$D$21,"No",IFERROR(VLOOKUP(C106,code_Note1!$D$3:$G$8,3,FALSE),"")))) -> No | P106: ລາຍງ່າຍລະຫວ່າງໄລຍະເວລາໃນການເອົາໄກ່ເຂົ້າລະໄລ່ເຂົ້າໃນການບໍລິຫານຂາດທຶນກໍາໄລໄກ່ຊຸດນັ້ນໆ
B107: 45705 | C107: 3 | D107: ຄ່າບໍລິຫານ | E107: ເຄື່ອງໃຊ້ ພງ | F107: ເກີບ | G107: 582000 | O107: =IF(C107="","",IF(C107=5,IFERROR(INDEX(code_Note1!$F$13:$F$16,MATCH(E107,code_Note1!$E$13:$E$16,0)),INDEX(code_Note1!$F$16,1)),IF(B107<code_Note1!$D$21,"No",IFERROR(VLOOKUP(C107,code_Note1!$D$3:$G$8,3,FALSE),"")))) -> No | P107: ລາຍງ່າຍລະຫວ່າງໄລຍະເວລາໃນການເອົາໄກ່ເຂົ້າລະໄລ່ເຂົ້າໃນການບໍລິຫານຂາດທຶນກໍາໄລໄກ່ຊຸດນັ້ນໆ
B108: 45705 | C108: 2 | D108: ຄ່າກໍ່ສ້າງ ປັບປຸງສວນ | E108: ແຮງງານ ກໍ່ສ້າງ | F108: ແຮງງານ | G108: 1600000 | O108: =IF(C108="","",IF(C108=5,IFERROR(INDEX(code_Note1!$F$13:$F$16,MATCH(E108,code_Note1!$E$13:$E$16,0)),INDEX(code_Note1!$F$16,1)),IF(B108<code_Note1!$D$21,"No",IFERROR(VLOOKUP(C108,code_Note1!$D$3:$G$8,3,FALSE),"")))) -> No | P108: ເງິນກ້ອນເອົາມາລຶງທຶນ
B109: 45706 | C109: 2 | D109: ຄ່າກໍ່ສ້າງ ປັບປຸງສວນ | E109: ແຮງງານ ກໍ່ສ້າງ | F109: ແຮງງານເທປູນ | G109: 900000 | O109: =IF(C109="","",IF(C109=5,IFERROR(INDEX(code_Note1!$F$13:$F$16,MATCH(E109,code_Note1!$E$13:$E$16,0)),INDEX(code_Note1!$F$16,1)),IF(B109<code_Note1!$D$21,"No",IFERROR(VLOOKUP(C109,code_Note1!$D$3:$G$8,3,FALSE),"")))) -> No | P109: ເງິນກ້ອນເອົາມາລຶງທຶນ
B110: 45706 | C110: 3 | D110: ຄ່າບໍລິຫານ | E110: ຕລາດ | F110: ໂອອິຊິ ເອັມລ້ອຍ2ວັນ | G110: 400000 | O110: =IF(C110="","",IF(C110=5,IFERROR(INDEX(code_Note1!$F$13:$F$16,MATCH(E110,code_Note1!$E$13:$E$16,0)),INDEX(code_Note1!$F$16,1)),IF(B110<code_Note1!$D$21,"No",IFERROR(VLOOKUP(C110,code_Note1!$D$3:$G$8,3,FALSE),"")))) -> No | P110: ລາຍງ່າຍລະຫວ່າງໄລຍະເວລາໃນການເອົາໄກ່ເຂົ້າລະໄລ່ເຂົ້າໃນການບໍລິຫານຂາດທຶນກໍາໄລໄກ່ຊຸດນັ້ນໆ
B111: 45707 | C111: 2 | D111: ຄ່າກໍ່ສ້າງ ປັບປຸງສວນ | E111: ແຮງງານ ກໍ່ສ້າງ | F111: ແຮງງານ7ຄົນ 3ແສນ | G111: 2100000 | O111: =IF(C111="","",IF(C111=5,IFERROR(INDEX(code_Note1!$F$13:$F$16,MATCH(E111,code_Note1!$E$13:$E$16,0)),INDEX(code_Note1!$F$16,1)),IF(B111<code_Note1!$D$21,"No",IFERROR(VLOOKUP(C111,code_Note1!$D$3:$G$8,3,FALSE),"")))) -> No | P111: ເງິນກ້ອນເອົາມາລຶງທຶນ
B112: 45707 | C112: 2 | D112: ຄ່າກໍ່ສ້າງ ປັບປຸງສວນ | E112: ແຮງງານ ກໍ່ສ້າງ | F112: ແຮງງານອ້າຍປາດ | G112: 1200000 | O112: =IF(C112="","",IF(C112=5,IFERROR(INDEX(code_Note1!$F$13:$F$16,MATCH(E112,code_Note1!$E$13:$E$16,0)),INDEX(code_Note1!$F$16,1)),IF(B112<code_Note1!$D$21,"No",IFERROR(VLOOKUP(C112,code_Note1!$D$3:$G$8,3,FALSE),"")))) -> No | P112: ເງິນກ້ອນເອົາມາລຶງທຶນ
B113: 45707 | C113: 3 | D113: ຄ່າບໍລິຫານ | E113: ເຄື່ອງໃຊ້ ພງ | F113: ເກີບໂບກ ຈົກ | G113: 474000 | O113: =IF(C113="","",IF(C113=5,IFERROR(INDEX(code_Note1!$F$13:$F$16,MATCH(E113,code_Note1!$E$13:$E$16,0)),INDEX(code_Note1!$F$16,1)),IF(B113<code_Note1!$D$21,"No",IFERROR(VLOOKUP(C113,code_Note1!$D$3:$G$8,3,FALSE),"")))) -> No | P113: ລາຍງ່າຍລະຫວ່າງໄລຍະເວລາໃນການເອົາໄກ່ເຂົ້າລະໄລ່ເຂົ້າໃນການບໍລິຫານຂາດທຶນກໍາໄລໄກ່ຊຸດນັ້ນໆ
... B117: 45708 | C117: 2 | D117: ຄ່າກໍ່ສ້າງ ປັບປຸງສວນ | E117: ຊີມັງ ເລັກ | F117: ຊີມັງ2ໂຕນ ແລະ ເຫັລກ | G117: 3100000 | O117: =IF(C117="","",IF(C117=5,IFERROR(INDEX(code_Note1!$F$13:$F$16,MATCH(E117,code_Note1!$E$13:$E$16,0)),INDEX(code_Note1!$F$16,1)),IF(B117<code_Note1!$D$21,"No",IFERROR(VLOOKUP(C117,code_Note1!$D$3:$G$8,3,FALSE),"")))) -> No | P117: ເງິນກ້ອນເອົາມາລຶງທຶນ
B118: 45708 | C118: 2 | D118: ຄ່າກໍ່ສ້າງ ປັບປຸງສວນ | E118: ເສົາ | F118: ເສົາ (ໃນນີ້ຕ້ອງລົບທໍ່66ອັນອອກ =66*420000=27720000/21600=1283.33 ) | G118: 0 | H118: 0 | I118: 3316.67 | O118: =IF(C118="","",IF(C118=5,IFERROR(INDEX(code_Note1!$F$13:$F$16,MATCH(E118,code_Note1!$E$13:$E$16,0)),INDEX(code_Note1!$F$16,1)),IF(B118<code_Note1!$D$21,"No",IFERROR(VLOOKUP(C118,code_Note1!$D$3:$G$8,3,FALSE),"")))) -> No | P118: ເງິນກ້ອນເອົາມາລຶງທຶນ
B119: 45708 | C119: 2 | D119: ຄ່າກໍ່ສ້າງ ປັບປຸງສວນ | E119: ແຮງງານ ກໍ່ສ້າງ | F119: ອ້າຍຈ່າຍມື້ນີ້: ຄ່າຕັ້ງເສົາ 4,600,000 ກີບ, | G119: 4600000 | O119: =IF(C119="","",IF(C119=5,IFERROR(INDEX(code_Note1!$F$13:$F$16,MATCH(E119,code_Note1!$E$13:$E$16,0)),INDEX(code_Note1!$F$16,1)),IF(B119<code_Note1!$D$21,"No",IFERROR(VLOOKUP(C119,code_Note1!$D$3:$G$8,3,FALSE),"")))) -> No | P119: ເງິນກ້ອນເອົາມາລຶງທຶນ
B120: 45708 | C120: 2 | D120: ຄ່າກໍ່ສ້າງ ປັບປຸງສວນ | E120: ແຮງງານ ກໍ່ສ້າງ | F120: ຄ່າກໍາມະກອນທະຫານມາຊ່ວຍວານນີ້ສອງຄົນ 400,000 ກີບ, | G120: 400000 | O120: =IF(C120="","",IF(C120=5,IFERROR(INDEX(code_Note1!$F$13:$F$16,MATCH(E120,code_Note1!$E$13:$E$16,0)),INDEX(code_Note1!$F$16,1)),IF(B120<code_Note1!$D$21,"No",IFERROR(VLOOKUP(C120,code_Note1!$D$3:$G$8,3,FALSE),"")))) -> No | P120: ເງິນກ້ອນເອົາມາລຶງທຶນ
B121: 45708 | C121: 3 | D121: ຄ່າບໍລິຫານ | E121: ເຄື່ອງໃຊ້ ພງ | F121: ຊື້ແພອັດປາກ 100,000 ກີບ, | G121: 100000 | O121: =IF(C121="","",IF(C121=5,IFERROR(INDEX(code_Note1!$F$13:$F$16,MATCH(E121,code_Note1!$E$13:$E$16,0)),INDEX(code_Note1!$F$16,1)),IF(B121<code_Note1!$D$21,"No",IFERROR(VLOOKUP(C121,code_Note1!$D$3:$G$8,3,FALSE),"")))) -> No | P121: ລາຍງ່າຍລະຫວ່າງໄລຍະເວລາໃນການເອົາໄກ່ເຂົ້າລະໄລ່ເຂົ້າໃນການບໍລິຫານຂາດທຶນກໍາໄລໄກ່ຊຸດນັ້ນໆ
B122: 45708 | C122: 2 | D122: ຄ່າກໍ່ສ້າງ ປັບປຸງສວນ | E122: ອຸປະກອນ ໄຟຟ້າ | F122: ຄ່າອຸປະກອນໄຟ້າ 8,000,000 ກີບ, | G122: 8000000 | O122: =IF(C122="","",IF(C122=5,IFERROR(INDEX(code_Note1!$F$13:$F$16,MATCH(E122,code_Note1!$E$13:$E$16,0)),INDEX(code_Note1!$F$16,1)),IF(B122<code_Note1!$D$21,"No",IFERROR(VLOOKUP(C122,code_Note1!$D$3:$G$8,3,FALSE),"")))) -> No | P122: ເງິນກ້ອນເອົາມາລຶງທຶນ
B123: 45708 | C123: 3 | D123: ຄ່າບໍລິຫານ | E123: ເຂົ້າສານ | F123: ຊື້ເຂົ້າສານ 210,000 ກີບ, | G123: 210000 | O123: =IF(C123="","",IF(C123=5,IFERROR(INDEX(code_Note1!$F$13:$F$16,MATCH(E123,code_Note1!$E$13:$E$16,0)),INDEX(code_Note1!$F$16,1)),IF(B123<code_Note1!$D$21,"No",IFERROR(VLOOKUP(C123,code_Note1!$D$3:$G$8,3,FALSE),"")))) -> No | P123: ລາຍງ່າຍລະຫວ່າງໄລຍະເວລາໃນການເອົາໄກ່ເຂົ້າລະໄລ່ເຂົ້າໃນການບໍລິຫານຂາດທຶນກໍາໄລໄກ່ຊຸດນັ້ນໆ
B124: 45710 | C124: 3 | D124: ຄ່າບໍລິຫານ | E124: ເຂົ້າສານ | F124: ເຂົ້າສານ | G124: 740000 | O124: =IF(C124="","",IF(C124=5,IFERROR(INDEX(code_Note1!$F$13:$F$16,MATCH(E124,code_Note1!$E$13:$E$16,0)),INDEX(code_Note1!$F$16,1)),IF(B124<code_Note1!$D$21,"No",IFERROR(VLOOKUP(C124,code_Note1!$D$3:$G$8,3,FALSE),"")))) -> No | P124: ລາຍງ່າຍລະຫວ່າງໄລຍະເວລາໃນການເອົາໄກ່ເຂົ້າລະໄລ່ເຂົ້າໃນການບໍລິຫານຂາດທຶນກໍາໄລໄກ່ຊຸດນັ້ນໆ
B125: 45710 | C125: 2 | D125: ຄ່າກໍ່ສ້າງ ປັບປຸງສວນ | E125: ອຸປະກອນ ກໍ່ສ້າງ | F125: ເຫລັກຍູ້ປູນ3ອັຮ | G125: 220000 | O125: =IF(C125="","",IF(C125=5,IFERROR(INDEX(code_Note1!$F$13:$F$16,MATCH(E125,code_Note1!$E$13:$E$16,0)),INDEX(code_Note1!$F$16,1)),IF(B125<code_Note1!$D$21,"No",IFERROR(VLOOKUP(C125,code_Note1!$D$3:$G$8,3,FALSE),"")))) -> No | P125: ເງິນກ້ອນເອົາມາລຶງທຶນ
B126: 45710 | C126: 2 | D126: ຄ່າກໍ່ສ້າງ ປັບປຸງສວນ | E126: ເລັກ | F126: ເຫັລກຫັລງຄາຮ້ານຫວຽດ | G126: 0 | H126: 0 | I126: 3654.17 | O126: =IF(C126="","",IF(C126=5,IFERROR(INDEX(code_Note1!$F$13:$F$16,MATCH(E126,code_Note1!$E$13:$E$16,0)),INDEX(code_Note1!$F$16,1)),IF(B126<code_Note1!$D$21,"No",IFERROR(VLOOKUP(C126,code_Note1!$D$3:$G$8,3,FALSE),"")))) -> No | P126: ເງິນກ້ອນເອົາມາລຶງທຶນ
B127: 45710 | C127: 1 | D127: ຄ່າໃຊ້ຈ່າຍໃນຟາມ ( ນໍ້າ, ໄຟ, ແຮງງານ) | E127: net | F127: ເນັດ ກ້ອງ ລັກ19 | G127: 150000 | O127: =IF(C127="","",IF(C127=5,IFERROR(INDEX(code_Note1!$F$13:$F$16,MATCH(E127,code_Note1!$E$13:$E$16,0)),INDEX(code_Note1!$F$16,1)),IF(B127<code_Note1!$D$21,"No",IFERROR(VLOOKUP(C127,code_Note1!$D$3:$G$8,3,FALSE),"")))) -> No | P127: ລາຍງ່າຍລະຫວ່າງໄລຍະເວລາໃນການເອົາໄກ່ເຂົ້າລະໄລ່ເຂົ້າໃນການບໍລິຫານຂາດທຶນກໍາໄລໄກ່ຊຸດນັ້ນໆ
B128: 45710 | C128: 1 | D128: ຄ່າໃຊ້ຈ່າຍໃນຟາມ ( ນໍ້າ, ໄຟ, ແຮງງານ) | E128: net | F128: ຫົລງເບີຕື່ມເກີນໃສ່ສອງຊິມ | G128: 90000 | O128: =IF(C128="","",IF(C128=5,IFERROR(INDEX(code_Note1!$F$13:$F$16,MATCH(E128,code_Note1!$E$13:$E$16,0)),INDEX(code_Note1!$F$16,1)),IF(B128<code_Note1!$D$21,"No",IFERROR(VLOOKUP(C128,code_Note1!$D$3:$G$8,3,FALSE),"")))) -> No | P128: ລາຍງ່າຍລະຫວ່າງໄລຍະເວລາໃນການເອົາໄກ່ເຂົ້າລະໄລ່ເຂົ້າໃນການບໍລິຫານຂາດທຶນກໍາໄລໄກ່ຊຸດນັ້ນໆ
...

Sheet code_Note1
A1: Code | B1: Note | D1: ລາຍການລາຍຈ່າຍຂອງຟາມ
A2: 1 | B2: net | D2: Code | E2: Name | F2: ໄລ່ເຂົ້າກໍາໄລແຕ່ລະງວດບໍ? | G2: Note
A3: 1 | B3: ຄ່າທຳນຽມ | D3: 1 | E3: ຄ່າໃຊ້ຈ່າຍໃນຟາມ ( ນໍ້າ, ໄຟ, ແຮງງານ) | F3: Yes | G3: ລາຍງ່າຍລະຫວ່າງໄລຍະເວລາໃນການເອົາໄກ່ເຂົ້າລະໄລ່ເຂົ້າໃນການບໍລິຫານຂາດທຶນກໍາໄລໄກ່ຊຸດນັ້ນໆ | K3: 5
A4: 1 | B4: vac | D4: 2 | E4: ຄ່າກໍ່ສ້າງ ປັບປຸງສວນ | F4: No | G4: ເງິນກ້ອນເອົາມາລຶງທຶນ
A5: 1 | B5: ແຮງງານນໍ້າມັນເອົາແກບມາ | D5: 3 | E5: ຄ່າບໍລິຫານ | F5: yes | G5: ລາຍງ່າຍລະຫວ່າງໄລຍະເວລາໃນການເອົາໄກ່ເຂົ້າລະໄລ່ເຂົ້າໃນການບໍລິຫານຂາດທຶນກໍາໄລໄກ່ຊຸດນັ້ນໆ
A6: 1 | B6: ຄ່າໄຟຟ້າ | D6: ພໍ່ | E6: ຄ່າໃຊ້ຈ່າຍພໍ່ອອກກ່ອນ | F6: No | G6: ເງິນກ້ອນເອົາມາລຶງທຶນ ແຕ່ແຍກເມື່ອຕ້ອງການຈະຊໍາລະຄືນ ເມື່ອຊໍາລະແລ້ວໃຫ້ລົບຍອດສະສົມ
A7: 1 | B7: ຍົກແກບດິບ | D7: ແມ່ | E7: ຄ່າໃຊ້ຈ່າຍແມ່ອອກກ່ອນ | F7: No | G7: ເງິນກ້ອນເອົາມາລຶງທຶນ ແຕ່ແຍກເມື່ອຕ້ອງການຈະຊໍາລະຄືນ ເມື່ອຊໍາລະແລ້ວໃຫ້ລົບຍອດສະສົມ
A8: 1 | B8: ແກບດິບ | D8: 4 | E8: ລາຍຈ່າຍອື່ນໆ | F8: Yes/N0 | G8: ລາຍງ່າຍອື່ນໆ ທີ່ອອກໃນນາມຟາມ
A9: 1 | B9: ແກບ 2000
A10: 1 | B10: ເປົາແກບ
A11: 1 | B11: Gas | D11: ລາຍການລາຍຮັບຂອງຟາມ
A12: 1 | B12: ຄ່ານໍ້າປະປາ | D12: Code | E12: Name | F12: ໄລ່ເຂົ້າກໍາໄລແຕ່ລະງວດບໍ? | G12: Note
A13: 1 | B13: ອຸປະກອນຕັກແກບ | D13: 1 | E13: ຂາຍໄກ່ | F13: yes | G13: ລາຍງ່າຍລະຫວ່າງໄລຍະເວລາໃນການເອົາໄກ່ເຂົ້າລະໄລ່ເຂົ້າໃນການບໍລິຫານຂາດທຶນກໍາໄລໄກ່ຊຸດນັ້ນໆ
A14: 1 | B14: ອານາໄມຄອກ | D14: 2 | E14: ຂາຍໄຂ່ | F14: Yes | G14: ເງິນກ້ອນເອົາມາລຶງທຶນ
A15: 1 | B15: ແກບ 3000 | D15: 3 | E15: ຂາຍແກບ | F15: Yes | G15: ເງິນກ້ອນເອົາມາລຶງທຶນ
A16: 1 | B16: ແກບ 1000 | D16: 4 | E16: ລາຍຮັບອື່ນ | F16: Yes/No | G16: ເປັນລາຍຮັບອື່ນໆ ຕາມລະດຸການຂອງສວນ ເຊັ່ນ: ຂາຍໝາກມ່ວງ, ໝໍ່ໄມ້, …
A17: 1 | B17: ຫວຽດໄໝ
A18: 1 | B18: ແຮງງານ ຍົກແກບອອກດ່ວນ
A19: 1 | B19: ສ້ອມແປງ
A20: 1 | B20: Vac ແຮງງານຈ່າຍເພີ່ມ
A21: 1 | B21: ຂາຍແກບ ຈ້າງຍົກ | D21: 45927 | E21: ງວດ 1 | F21: ງວດ1 ຄອກ 123 | G21: 30,588.00ໂຕ
A22: 2 | B22: ຊີມັງ ເລັກ | D22: 45994 | E22: ງວດ 2 | F22: ງວດ2 ຄອກ 45 | G22: 22,012.00ໂຕ
A23: 2 | B23: ອຸປະກອນ ກໍ່ສ້າງ | D23: 46081 | E23: ງວດ 3 | F23: ງວດ3 ຄອກ 123 | G23: 29,545.00ໂຕ
A24: 2 | B24: ໄມ້
A25: 2 | B25: ຫີນ ຊາຍ
A26: 2 | B26: ພາຫະນະ
A27: 2 | B27: ເລັກ
A28: 2 | B28: ຊີມັງ
A29: 2 | B29: ແຮງງານ ກໍ່ສ້າງ
A30: 2 | B30: ກ່ຽວກັບນໍ້າ
A31: 2 | B31: ພັດລົມ
A32: 2 | B32: ເສົາ
A33: 2 | B33: ປູກຕົ້ນໄມ້
A34: 2 | B34: ປັບດິນ
A35: 2 | B35: ອາລູຊິງ
... A62: 5 | B62: ເຟືອງ
A63: Family ພ | B63: ແຮງງານ ກໍ່ສ້າງ
A64: Family ພ | B64: ກຳແພງ
A65: Family ພ | B65: ທໍ່
A66: Family ພ | B66: ອຸປະກອນ ກໍ່ສ້າງ
A67: Family ພ | B67: ກ່ຽວກັບນໍ້າ
A68: Family ພ | B68: ເຟືອງ
A69: Family ພ | B69: ຕລາດ
A70: Family ພ | B70: ກ່ຽວກັບໄຟ
A71: Family ພ | B71: ປັບດິນ
A72: Family ພ | B72: ແຮງງານ ໄຟຟ້າ
A73: Family ພ | B73: ແຮງງານ
A74: Family ພ | B74: ປູກຕົ້ນໄມ້
... A90: Family ມ ກຳແພງເລັກອາລູຊິງ | B90: ອຸປະກອນ ກໍ່ສ້າງ
